feature_id,explanation
2,"The token ""watch"" or ""watched"" describing an action of observing something or someone."
4,"The verb ""buy"" in contexts involving purchasing items or goods."
7,"The token ""cold"" describing weather or temperature conditions in narrative contexts."
9,Adjectives describing uniqueness or positive qualities often in whimsical or narrative contexts.
11,"The verb ""draw"" related to artistic activities or hobbies."
12,"The token ""enormous"" describing size or magnitude in diverse narrative contexts."
13,Tokens in narrative text emphasizing dramatic twists or bad endings.
15,"Conjunction ""and"" in contexts of joy, fun, or togetherness."
16,"The token ""shoes"" in sentences describing someone putting them on before an action or movement."
18,"The word ""long"" used to describe physical attributes, durations, or elongated objects."
19,"The noun ""voice"" in contexts describing someone hearing it, often preceded by ""heard a."""
20,"The token ""called"" introducing a character's name in a narrative context."
22,"The token ""Sam"" as the subject of a story or narrative."
23,Pronouns he/she in contexts describing actions after an event or incident.
27,"Utensil nouns ""spoon"" and ""knife"" mentioned in contexts of possession or usage."
29,"The pronoun ""it"" when expressing affection or appreciation."
30,"The comma following ""applaud"" in sequences listing adjectives."
33,"The token ""mix"" describing combining ingredients, items, or elements in dialogue-heavy contexts."
34,"The word ""Suddenly"" marking an abrupt change or unexpected event in a narrative."
38,"The token ""outside"" in the context of playing outdoors, often paired with positive or exploratory actions."
39,Action or emotion-related verbs in narrative contexts.
41,"The token "","" in texts discussing themes of conflict or foreshadowing."
43,"The modal verb ""would"" in habitual or repeated action contexts."
44,"The adjective ""little"" describing a character or object in a narrative summary."
45,"Tokens describing ""window"" in visual observation contexts, often preceded by verbs of looking or peeking."
46,"The token ""year"" in the phrase ""3-year-old"" describing a child's age."
47,Nouns describing physical entities or time-related concepts in narrative contexts.
48,"The suffix ""ing"" in contexts suggesting negative outcomes or unfavorable situations."
49,"The token ""tired"" describing exhaustion after physical activity or prolonged effort."
50,Sentences conveying positive resolutions or emotions in storytelling contexts.
51,"Adjective ""soft"" describing textures or objects associated with comfort and gentleness."
52,Common determiners in narrative text describing animals or settings.
53,"The token ""wind"" in contexts describing its movement or impact."
54,The period at the end of sentences in narrative or descriptive contexts.
56,"The token ""instead"" indicating a substitution or alternative choice in a narrative context."
57,"The pronoun ""you"" in direct questions or invitations within conversational dialogue."
59,"Prepositions ""of"" or ""with"" following expressions of emotion or evaluation."
60,Verbs describing discovery or revelation following the opening of a container.
63,Words suggesting anticipation or continuation of joyful events or stories.
64,"The pronoun ""her"" when used as the object of a verb indicating communication or instruction."
65,"The token ""spin"" describing rotational motion or figurative twists in narratives."
66,"Verbs expressing decisions or emotions shared by a group, often involving mutual activities or commitments."
67,"The indefinite article ""a"" preceding adjectives describing size, time, or emotional states."
69,"Verbs indicating causation or result, often tied to positive outcomes like friendship or happiness."
70,"The word ""there"" in storytelling phrases following ""Once upon a time""."
71,Verbs describing habitual actions in daily routines.
73,"Relative pronouns (""that"" and ""who"") introducing clauses about helping or saving small animals."
75,"The token ""for"" preceding a duration or a first-time experience."
76,"The token ""wealthy"" describing affluence in characters or objects within narrative contexts."
77,"The token ""excited"" in narrative or descriptive contexts conveying heightened emotion or anticipation."
78,"The verb ""work"" in contexts emphasizing collaboration or effort."
79,"Common tokens starting sentences or clauses, often indicating narrative progression or description."
80,"The word ""just"" in casual or narrative contexts expressing immediacy, comparison, or emphasis."
81,"Tokens summarizing or concluding a narrative, often emphasizing resolution or emotional sentiment."
82,"The token ""It"" introducing an unexpected or notable object or event."
83,"The token ""every"" in repetitive daily activity descriptions."
84,"Adjectives describing physical traits, spatial relationships, or states of being distinct or remarkable."
85,"The article ""a"" before singular nouns in lists."
86,"Exclamatory phrases beginning with quotation marks and informal expressions like ""Wow"" or ""Hello""."
89,"The article ""a"" in phrases describing someone going for an activity outdoors."
90,Pronouns or temporal adverbs in storytelling contexts.
92,Verbs indicating discovery or connection involving small creatures or objects in narrative contexts.
94,"The token ""money"" in contexts related to earning, spending, or possessing it."
95,"The word ""far"" describing distant locations or people."
96,"The word ""mom"" in possessive contexts describing someone's actions or role."
97,"The article ""a"" in the phrase ""Once upon a time"" within storytelling contexts."
98,"The pronoun ""She"" at the beginning of a sentence describing actions or behaviors."
102,"Tokens in abstract or reflective contexts often paired with ""Once upon a time""."
103,"The token ""more"" in comparisons emphasizing increasing importance or intensity."
107,"The token ""named"" introducing a character's name in a narrative context."
108,Transition phrases introducing a new event or action in narrative storytelling.
109,"Tokens in dialogue conveying emotions or interpersonal relationships, often positive sentiment."
110,"The word ""to"" indicating purpose or intent in a phrase describing actions or goals."
111,"The token ""good"" in the phrase ""good friends"" describing a positive relationship."
114,"The token ""with"" linking an object to a described feature or content."
118,"The word ""bug"" referring to an insect in a narrative context."
119,"Words related to injury, sickness, or medical care in narrative contexts."
120,"The word ""ground"" following descriptions of objects lying or placed on it."
121,"The token ""drink"" in contexts describing objects or activities with emotional or descriptive adjectives."
122,"The word ""used"" followed by an explanation of a tool, method, or resource for accomplishing something."
123,Verbs describing joyful or recreational activity in narrative contexts.
126,"Verbs expressing desire or enjoyment, often involving the infinitive ""to."""
127,"The token ""y"" in text often associated with names or playful contexts."
128,"The possessive pronoun ""their"" in contexts referring to shared ownership or association."
130,"Adjectives describing physical traits paired with ""a"" or ""and""."
132,"Pronouns ""he"" or ""she"" starting a sentence, often describing actions or possessions."
134,"The token ""until"" in repetitive actions or sequences leading to a culmination or endpoint."
135,"The token ""w"" in words describing wagging or wiggling actions, often related to animal movement."
136,"The token ""day"" in the phrase ""One day,"" often introducing narrative events."
137,"The word ""where"" in contexts describing a specific location associated with an activity or possession."
138,Nouns denoting physical containers or spaces associated with ownership or description.
140,Periods following expressions of inability or failure in narrative contexts.
141,"The token ""shine"" or its conjugations in contexts describing light, brilliance, or visual radiance."
143,Singular nouns denoting a person in a professional or authoritative role.
144,"The comma after ""One day"" in storytelling contexts."
145,"The conjunction ""and"" linking two names in a narrative context."
146,"The token ""day"" in introductory sentences of a story describing an event or scenario."
148,"Titles like ""Mr."" and ""Mrs."" followed by a period or directly preceding a name."
150,"The adjective ""small"" describing a subject in narrative summaries."
151,"The comma following ""As"" in temporal clauses."
152,"The token ""One"" at the beginning of a sentence introducing a narrative or story."
156,"The preposition ""under"" describing the location of an object relative to another object."
157,"The word ""toy"" when indicating an object associated with a person or activity."
158,"The word ""have"" in contexts describing shared fun or enjoyment."
159,"Verbs or nouns tied to dynamic or imaginative actions, often depicting movement, creativity, or unusual scenarios."
161,"Tokens ""day"" and adjacent punctuation in narrative contexts marking time or event transitions."
162,"The word ""instead"" used to indicate a replacement or alternative action."
163,Tokens marking the start of a narrative or a significant event.
165,"Definite article ""the"" in aquatic contexts, particularly near mentions of oceans or seas."
167,"The word ""not"" expressing contrast or negation in character descriptions or emotional states."
168,"The word ""off"" in contexts of physical displacement or removal."
169,"The token ""up"" following directives to clean in domestic contexts."
170,"Names of characters, especially those with unique or playful phonetic structures."
172,"The token ""grandma"" in sentences describing visits to her house, farm, or garden."
173,"The token ""rain"" in contexts describing the beginning of a rain event."
174,"The verb ""enjoy"" in contexts describing pleasant or leisurely activities."
175,"The token ""anyone"" used in contexts of exclusion, restriction, or personal boundaries."
176,"Pronoun ""it"" following a description of sensory qualities related to an object, often food or physical sensations."
177,"The token ""sorry"" in contexts of apology or expressing regret."
178,Words leading to or indicating movement or interaction with an enclosed space.
179,Verbs indicating actions taken after forming an idea or making a discovery.
180,Positive actions or moments of shared enjoyment in dialogue-based text.
181,"The pronoun ""it"" used in contexts where a subject is being evaluated or described as fun or interesting."
182,"The word ""Later"" at the beginning of a temporal phrase describing events."
183,"Variations of the verb ""grow"" describing physical or metaphorical enlargement or transformation."
184,"Punctuation marks, primarily periods and commas, ending sentences or separating clauses in narrative contexts."
186,"Verbs describing actions or behaviors being negated, often preceded by ""did not"" or ""didn't""."
187,"Words ""a"" and ""all"" in contexts involving playing or games."
188,"The article ""a"" introducing a noun in a narrative context."
190,"The token ""doctor"" in contexts related to visiting or interacting with medical professionals."
191,Descriptions of objects or entities in imaginative or fantastical contexts.
192,"The preposition ""to"" following mentions of a friend coming or visiting."
194,"Words referring to television, specifically ""TV"" and ""television."""
198,"Modal verbs ""to"" and ""must"" indicating obligation or necessity in personal actions."
199,"The word ""to"" indicating purpose or intent before an action."
200,"The phrase ""goes on"" in narratives involving trips or adventures."
201,Positive narrative endings or phrases conveying resolution and happiness in storytelling contexts.
203,"The pronoun ""it"" when referring to an object being picked up."
205,"The conjunction ""and"" following expressions of happiness or positive emotion."
206,"Positive phrases about friendship, happiness, or playful activities often in narrative or summary contexts."
207,"The preposition ""in"" introducing a location or setting, often a forest, park, jungle, or town."
211,"Prepositions ""of"" following containers or quantities like bags, boxes, baskets, or sacks."
212,"The token ""of"" or ""the"" following ""All"" in descriptive or narrative contexts."
213,"The token ""bossy"" describing a character's personality in a narrative context."
215,"Tokens ""mom"" and ""parents"" in contexts describing outings or shared experiences."
216,"The token ""ie"" associated with the name ""Tweet"" in whimsical bird-related narratives."
217,"The token ""with"" preceding activities involving toys or objects in playful contexts."
218,"The token ""in"" or ""out"" within motion-related phrases, often involving jumping or hopping actions."
219,"The token ""each"" when used in the phrase ""each other"" indicating mutual interaction or connection."
220,"Words following ""Once upon a time"" in a narrative context often depicting descriptive or imaginative elements."
221,"Adjectives describing states or qualities, often contrasting or evoking emotional nuances."
222,"Pronouns following ""give(s)"" in the context of transferring or offering something."
223,"Pronouns introducing actions related to crafting or creating objects, often involving paper and glue."
224,"The token ""Conflict"" in text describing narrative or dialogue features."
225,Periods marking the end of a sentence or story.
227,"The verb ""get"" in contexts of obtaining or retrieving something."
228,"The token ""liked"" in sentences expressing personal preferences or hobbies."
229,"The token ""Value"" in contexts listing story features or moral attributes."
230,"The conjunction ""but"" following a mention of fear or being scared."
231,"Tokens ""laughed"" or ""laugh"" in contexts of joy, fun, or shared positive experiences."
232,"The token ""inside"" describing the contents of an enclosed space or object."
235,"Verbs ""act"" and ""stepped"" indicating deliberate or purposeful actions by individuals."
237,"The verb ""was"" in classic storytelling opening phrases."
238,"The verb ""reached"" describing physical or metaphorical movement toward a destination or object."
239,"The token ""ball"" when referring to physical play or interaction in a narrative context."
241,"The preposition ""in"" within contexts involving children or people in specific locations or situations."
243,"The contraction ""I'm"" indicating first-person present-tense expressions."
245,"The token ""Thank"" in expressions of gratitude within direct speech."
246,"The word ""was"" followed by an emotional state or reaction, often expressing excitement or happiness."
247,"The phrase ""tries to"" or ""tried to"" indicating an attempt at an action."
250,"The past-tense verb ""were"" in sentences describing shared activities involving family or close relationships."
251,"The adjective ""old"" describing people, objects, or entities in a narrative context."
253,"The word ""strange"" in contexts describing unusual observations or discoveries."
254,"The adjective ""special"" in contexts emphasizing unique or significant objects, gifts, or experiences."
255,"The token ""dress"" describing clothing, often paired with adjectives like ""pretty"" or ""new."""
257,"The word ""angry"" in contexts involving emotional reactions, especially from family members or interpersonal conflicts."
259,"The token ""understand"" in contexts emphasizing perception or comprehension, often paired with descriptive or sensory words."
261,"The word ""that"" following an intensifier like ""so"" indicating a consequence or result."
262,"The comma before ""and"" in lists of items."
264,"Words related to searching or inability to find, often in contexts of looking or hoping."
266,The comma directly following a name in quoted dialogue.
267,Nouns representing physical objects or concepts central to the scene or narrative.
268,"The verbs ""count"" or ""counted"" in contexts describing enumeration or tallying activities."
269,Pronouns or proper nouns receiving physical aggression or harm.
271,"Pronouns ""he"" or ""she"" used in causal or purpose clauses introduced by ""so."""
272,"The verb ""sing"" describing an action or hobby, often paired with ""love"" or ""loved."""
273,"The pronoun ""her"" when preceded by a verb indicating assistance or help."
276,"The word ""other"" used to describe groups or entities in relation to a primary subject."
277,"The token ""but is"" introducing a contrast in narrative involving a character or object."
280,"The word ""into"" following a verb describing breaking or splitting into smaller pieces."
281,"The word ""favorite"" describing a cherished item or preference in a personal or narrative context."
282,"The token ""so"" emphasizing intensity or degree in descriptions of emotions or qualities."
283,"Negations, primarily involving ""not"" and ""n't,"" often in contexts of absence, unavailability, or contrast."
287,"The conjunction ""and"" linking two sequential actions."
288,"The token ""around"" following ""looked"" in contexts describing a character's visual exploration."
290,"Proper nouns or unique identifiers denoting specific people, objects, or abstract concepts."
292,"The reassuring phrase ""Don't worry"" often followed by a personal name or term of endearment."
295,"Tokens related to foreshadowing in narratives, often tied to conflict or dramatic tension."
296,"The token ""that"" in questions explicitly asking for identification of an object or concept."
298,"The token ""of"" following mentions of drawing or depicting a picture."
299,"The token ""family"" in narratives introducing or describing a household or group in a specific setting."
300,"Names of animals or people, often following ""named"" or preceding a comma."
302,"The token ""today"" in contexts emphasizing immediacy or relevance to the present moment."
305,"The token ""years"" in the context of describing the age of a three-year-old child."
307,"The verb ""tried"" in contexts of attempting an action or solving a problem."
308,"The colon punctuation used in storytelling contexts, often introducing a narrative or dialogue."
309,Verbs denoting physical actions or movements involving objects or the body.
310,Question marks in dialogue expressing emotional or existential inquiry.
312,"The token ""to"" in the phrase ""didn't know what to do."""
313,Singular nouns paired with verbs or adjectives in casual or action-oriented contexts.
314,"Tokens in dialogue conveying emotional tension, moral implications, or foreshadowing in story contexts."
316,"The pronoun ""You"" in direct address or second-person statements."
317,"Words conveying sensory or emotional qualities, often in descriptive or subjective contexts."
319,Periods ending sentences with a subject expressing an emotion or moral reflection.
320,"The conjunction ""But"" introducing a transition following a positive or happy sentiment."
323,"The token ""kind"" describing a positive trait or behavior."
325,"The word ""that"" used to introduce a realization or lesson learned."
326,"Tokens related to ""star"" or ""stars"" in contexts of celestial phenomena or metaphorical descriptions."
327,"The phrase ""One day"" introducing a narrative or event in a story."
328,Verbs describing actions or decisions directly involving people or objects.
329,"The conjunction ""and"" linking two objects found or interacted with by a character."
336,"Tokens indicating explanations or assertions about the nature or state of something, often using ""is"" or ""'s""."
340,"The adjective ""lazy"" describing animals or people in narrative summaries."
341,"Verbs ""see"" or ""find"" describing sensory exploration or discovery."
342,"Verb ""knock"" in contexts involving physical action or destruction."
344,"Sentences about friendship, sharing, and positive interactions often involving animals or familial bonds."
346,"The token ""p"" in the word ""puddle,"" often following descriptors like ""big"" or ""dirty."""
348,"Common opening phrases in storytelling, such as ""Once upon a time"" and ""One day""."
349,Adjectives describing awe-inspiring or visually impressive entities.
351,"The adverb ""very"" intensifying an adjective or adverb."
353,"The article ""a"" before nouns in actions or descriptive contexts."
354,"The word ""when"" introducing a clause describing an event or discovery during an ongoing activity."
355,"The token ""Bad"" in contexts suggesting negative or unfavorable endings in narratives or dialogue."
356,"The verb ""gave"" indicating an act of transferring or gifting something."
358,"The verb ""loves"" in sentences expressing Lily's preferences or enjoyment of specific activities or items."
359,"The token ""than"" comparing two entities, often emphasizing a greater degree or intensity."
361,"The token ""."" concluding direct speech or statements in conversational contexts."
362,"Adjectives describing animal-like traits, especially ""hairy"" and ""furry""."
363,Emotion-related verbs or adjectives describing a character's reaction or state in a narrative.
366,"The word ""all"" in expressions emphasizing duration or extent."
368,"The word ""together"" describing shared actions or experiences."
369,Pronouns indicating a subject wanting or deciding to interact with an object in a story.
372,"The token ""cat"" when describing a specific cat with distinct traits or a name."
375,"The token ""Tom"" referring to a central character in narrative summaries."
376,"The verb ""do"" following ""didn't know what to"" in expressions of uncertainty or indecision."
377,"The word ""named"" introducing a character's name in a narrative context."
378,Adjectives describing emotional or physical states in dialogue contexts.
379,Period immediately following descriptions of outings with family members.
380,"Tokens in dialogue conveying conflict, moral dilemmas, or narrative twists."
383,"The word ""high"" describing vertical elevation, often in relation to nests or trees."
388,Common function words in sentences describing gifts or objects being received.
389,"The word ""fast,"" often in the phrase ""as fast as [subject] could."""
390,"The token ""was"" used in personal or emotional contexts, indicating a state or action."
391,"Verbs ""walk"" and ""walking"" describing physical movement in narrative contexts."
394,"The adjective ""big"" emphasizing size or impressiveness, often paired with descriptive qualities."
395,"The conjunction ""and"" following the word ""sad"" in emotionally expressive contexts."
396,"The adverb ""carefully"" describing deliberate or precise actions."
398,"The token ""something"" preceding an adjective and the word ""happened,"" often in surprising or unexpected contexts."
399,"The token ""through"" in contexts describing movement or traversal within a natural or scenic environment."
400,"The verbs ""makes"" or ""made"" in contexts of creation or forming relationships."
401,"The word ""many"" indicating a large quantity or variety in descriptive contexts."
402,"The token ""caught"" in contexts describing being apprehended or intercepted."
404,"The definite article ""The"" preceding nouns in descriptive sentences."
405,"The word ""explore"" in contexts expressing a love for adventure or discovering new places."
406,"The token ""water"" in contexts involving its utility or physical presence."
407,"The token ""three"" describing the age of a child in a narrative context."
409,"The preposition ""in"" following ""put it"" to indicate placement into something."
410,"The verb ""clean"" in contexts describing tidying or cleaning actions."
413,"The token ""about"" following verbs of communication like ""tells"" or ""told""."
414,"The token ""Moral"" in contexts discussing story elements or thematic values."
417,"The token ""again"" signaling repetition or return to a prior state or activity."
419,"The token ""to"" in imperative or directive statements following a verb of instruction or command."
420,"The token ""was"" after ""there"" introducing a description or situation."
421,"The token ""room"" when describing a personal or shared space in a domestic play context."
423,"The token ""asked"" in contexts involving dialogue or direct questioning."
424,Names of characters speaking in dialogue.
426,"The verb ""fix"" in contexts involving repair or resolution of problems."
427,"Adjectives describing color, texture, or aesthetic qualities of objects or animals."
429,"The conjunction ""and"" linking two actions, events, or descriptions in narrative contexts."
430,"The token ""named"" introducing a character, typically a boy, in narrative storytelling."
431,"The word ""seem"" used to indicate perception or appearance."
433,"The infinitive verb ""be"" in contexts emphasizing advice or learning a behavior."
434,"The token ""bike"" in contexts describing personal enjoyment or activities involving riding."
437,"The token ""Mom"" used in familial or narrative contexts."
441,"The word ""like"" used in similes or comparisons."
444,"The token ""from"" indicating a source or origin in spatial or temporal contexts."
447,"The word ""different"" emphasizing variation or contrast among objects or entities."
449,"Tokens related to climbing or moving upward, often involving ""the,"" ""to,"" or actions like ""went."""
453,"The verb ""fly"" describing birds or flight-related actions in a positive or natural context."
454,"Specific days of the week and ""noon"" in narrative contexts."
457,"The word ""the"" preceding a location or setting."
459,"Auxiliary verbs ""was"" and ""were"" in continuous tense or punctuation marking sentence endings like ""."" and ""!""."
460,"Pronouns combined with contractions of the verb ""to be"" expressing identity or existence."
461,"The token ""sc"" in words related to scooters or scary contexts."
462,"The contraction ""n't"" within a negative verb phrase."
465,"The preposition ""in"" describing spatial placement or movement, often paired with ""the air"" or ""the sky""."
466,"The token ""dinner"" in the context of being called or prepared for."
467,"The verb ""jumped"" describing a sudden physical action or movement."
468,"The token ""friends"" in the context of playing or interacting with companions."
469,"The token ""was"" describing a subject's emotional or physical state."
470,The comma preceding dialogue attribution in direct speech.
471,Exclamation mark used emphatically or preceding vivid descriptions.
474,Verbs describing motion or transfer involving an object or subject in dynamic scenarios.
477,"The adjectives ""hot"" and ""cold"" describing temperature in contexts related to weather, drinks, or seasonal activities."
479,"The token ""Dialogue"" indicating conversational or narrative parts of a story."
481,"Tokens related to keeping objects or people safe, often involving possession or protection."
484,"The verb ""see"" in contexts expressing curiosity or intent to observe or discover something."
485,"The indefinite article ""an"" before a descriptive adjective."
486,"The conjunction ""and"" linking sequential actions involving objects being placed or manipulated."
487,"The token ""before"" indicating a prior action or event in sequential contexts."
488,"The token ""heard"" in contexts of perceiving sounds or voices, often following ""Suddenly""."
489,"Body parts, especially facial features, highlighted during emotional or physical reactions."
490,"The word ""proud"" in contexts expressing positive sentiment or self-association."
491,"Tokens ""leash"" or ""cage"" referring to objects used to restrain or confine animals."
494,"Tokens ""to"" or ""place"" in contexts implying purpose or searching for something."
495,"Comma following ""Once upon a time"" in storytelling contexts."
496,"The word ""Sometimes"" indicating occasional or irregular actions or events."
500,"The pronoun ""She"" initiating a sentence describing actions or intentions of a female character."
501,"Pronouns ""it"" or ""he"" following ""how"" in questions or statements about feelings, actions, or conditions."
503,"Pronouns ""she"" or ""he"" in questions about permission or ability, often following ""asked""."
507,"The token ""sleep"" or ""asleep"" in contexts describing going to sleep or dreaming."
508,"The pronoun ""She"" referring to a young girl in a narrative context."
509,"The word ""school"" in contexts describing attendance or activities."
510,"The verb ""loved"" expressing a personal enjoyment or preference."
511,"Tokens in opening phrases of storytelling, especially ""Once upon a time"" and similar beginnings."
512,"Proper nouns, adjectives, and summary tokens often indicating emphasis or conclusion."
513,"The word ""careful"" in contexts emphasizing caution or attentiveness."
516,"The token ""great"" used as an adjective to describe something positively in narrative contexts."
518,"The verb ""build"" in contexts involving construction or creation, often with blocks or similar materials."
521,"The token ""sad"" describing an emotional state of a character in narrative text."
523,"The token ""if"" following a verb of asking or inquiry."
525,"The pronoun ""who"" introducing a relative clause describing a character's traits or actions."
527,"The first letter of a proper noun, often a character's name in a narrative context."
529,"The verb ""stay"" indicating a decision or requirement to remain in a specific location or situation."
530,"The adverb ""too"" indicating an excessive degree."
534,"The token ""mom"" when preceded by ""asked"" and followed by a comma or ""if""."
536,"Verbs or pronouns in narrative contexts indicating action, ability, or subject focus."
538,"The token ""out"" used in spatial or situational contexts."
542,"Possessive determiners (""my,"" ""his,"" ""her"") or definite articles (""the"") preceding specific nouns."
543,"The verb ""cry"" in contexts describing emotional distress or fear."
545,"The verb ""help"" in contexts of assisting someone or something."
548,"The word ""still"" when conveying persistence or continuity in the face of contrasting circumstances."
549,"The token ""Once"" at the beginning of a fairy tale or storytelling phrase."
551,"Verbs involving motion or interaction, particularly ""play"" and ""go to,"" in narrative contexts."
552,"The indefinite article ""a"" preceding descriptions of sounds or voices heard suddenly."
553,"The word ""around"" in contexts describing movement or flight."
554,Tokens representing physical objects or body parts in vivid or dynamic contexts.
556,"The phrase ""had an idea"" in narrative contexts, often introducing a character's thought or plan."
559,"The verb ""lived"" describing residence in specific contexts."
561,"The verb ""noticed"" indicating an observation or realization."
562,Tokens related to dialogue or twists in narrative context.
563,"Sentences expressing social interaction or emotional outcomes, often involving fun, friendship, or conflict resolution."
564,"The word ""replied"" in dialogue contexts."
566,"Tokens ""a"" or ""into"" in contexts of transformation or change."
567,"The period punctuation token following lists of objects, toys, or descriptive attributes."
568,"The verb ""saw"" used in past tense to describe observing something specific in a location-based context."
569,"The indefinite article ""a"" preceding a description of a notable or specific object."
571,"Adjectives describing qualities or characteristics, often paired with nouns in a whimsical or narrative context."
572,"The token ""Do"" at the start of a question inviting action or preference."
573,"Proper names, predominantly ""Tom,"" as subjects initiating actions or possessing attributes."
576,"The token ""rabbit"" when describing a character in narrative summaries."
579,"The adjective ""sweet"" describing taste or qualities in a positive context."
580,"The proper noun ""Lily"" in narrative contexts describing her actions or experiences."
581,"The word ""banana"" in contexts involving emotions or actions."
583,"The word ""which"" introducing a clause that elaborates or explains a preceding noun or action."
584,"Verbs describing accidental damage like ""breaks"" or ""knocks over""."
585,"The token ""Fore"" in contexts involving foreshadowing within narrative or dialogue."
586,"Content words with varied semantic meaning and emotional tone, often standalone or in descriptive contexts."
587,"Positive emotions like ""good"" or ""great"" following the verb ""felt"" or ""feels""."
588,"The pronoun ""They"" initiating a clause about mutual actions or emotions between multiple entities."
591,Concrete nouns representing distinct objects or phenomena in descriptive or narrative contexts.
596,"Singular nouns preceded by ""any other,"" emphasizing uniqueness or comparison."
599,"The token ""loud"" describing noises or sounds in dynamic or action-filled contexts."
600,"The token ""Bill"" in narrative contexts, often as a named character in summaries or stories."
601,"The token ""name"" introducing the proper name of a character in narrative text."
602,Words indicating progression or eventual arrival during movement or journey narratives.
603,"The word ""peach"" in contexts involving contrasting emotions or qualities."
606,Tokens of a period following descriptions of objects observed by subjects.
607,"The token ""What"" in direct speech, often initiating a question or exclamation."
608,"Adjectives describing qualities or states, often conveying length, brightness, fun, or other distinct characteristics."
609,"The verb ""go"" in contexts of personal intention or desire."
610,"The token ""thought"" describing internal reflection or consideration by a character."
611,"Variations of the verb ""keep"" in contexts implying persistence or continuation."
613,"Past tense verbs ""ran"" and ""run"" describing physical movement or action."
614,"The token ""vanish"" describing disappearance or absence in various contexts."
615,Articles and linking verbs in similes or imaginative scenarios.
616,"The token "","" following abstract concepts like moral value or foreshadowing in narratives with darker themes."
617,"The token ""noise"" describing an audible disturbance, often paired with adjectives like loud, strange, or mysterious."
618,"The token ""Why"" in direct speech questioning someone's actions, feelings, or state."
620,"Words related to lost personal belongings, especially toys."
622,"The verb ""left"" or ""leave"" indicating departure or abandonment in narrative contexts."
623,Nouns representing physical objects described with distinct attributes in a sentence.
626,"Polite requests or pleas using the word ""please"" in direct speech or dialogue."
627,"The token ""become"" in contexts describing the formation of friendships."
628,"Tokens emphasizing preference or quantity in a positive context, often related to food."
629,"The token ""birthday"" in contexts describing celebrations or upcoming events."
630,"Second-person possessive pronoun ""your"" in direct speech or descriptive contexts."
631,"Verbs indicating damage, loss, or mishap affecting a personal or favored item."
632,"The word ""sky"" in descriptions of weather, light, or atmospheric phenomena."
635,The period following descriptions of locations or settings.
636,"Verbs describing natural phenomena or actions in serene, outdoor contexts."
637,"Pronouns ""she"" or ""he"" following ""As"" in narrative contexts describing actions or experiences."
641,"The pronoun ""it"" referring to an object or concept central to the narrative."
642,"The token ""bunny"" in sentences describing its actions, thoughts, or interactions."
643,"The indefinite article ""a"" preceding a noun in narratives with encounters or actions."
644,Tokens related to moral lessons emphasizing helping others or seeking help.
645,"The token ""Ben"" in narrative summaries featuring paired characters in collaborative or situational activities."
649,"The verb ""having"" in phrases expressing enjoyment or fun."
650,"The token ""Lucy"" as a proper noun, often in direct speech or narrative contexts."
654,"The word ""tree"" described as big and central to a scene or interaction in nature."
656,"The token ""tw"" in the word ""twig,"" often within descriptive or narrative contexts."
659,Periods ending sentences in narrative contexts with transitions or actions immediately following.
661,"The token ""cr"" when preceding ""ay"" in the word ""crayon""."
662,"The token ""said"" preceding direct speech or a quotation."
663,"The adjective ""big"" used to describe a notable object or creature in storytelling contexts."
664,"Period following descriptions of enjoyable activities transitioning to ""One day""."
666,"The possessive pronoun ""my"" in narratives involving the character Tim."
672,"The phrase ""of"" in the context of collaborative assistance or help."
674,"The verb ""fix"" in contexts involving repair or restoration actions."
676,"Tokens for animals or children introduced as characters in a story, often following ""meets a""."
677,"The token ""Tim"" as the central subject in narrative summaries or descriptions of his actions."
678,"The token ""car"" when referring to a specific vehicle, often described as red or big."
679,"The token ""barn"" describing a physical structure often central to a rural or farm-related context."
680,"The word ""how"" in contexts describing learning or being taught a skill or task."
684,"The verb ""smiled"" following a subject in a narrative context."
685,"The token ""two"" in fairy-tale-like introductions describing pairs of characters or entities."
686,"The token ""store"" in the context of characters going to a location to shop or accompany someone."
688,Adjectives describing physical attributes or qualities in a precise or specific context.
690,"The preposition ""In"" at the beginning of a phrase describing a specific location or context."
691,"The preposition ""of"" linking a noun to another noun or descriptive phrase."
693,Words or phrases conveying movement or perspective related to a journey or exploration.
694,"Adjective ""great"" emphasizing positive qualities or characteristics."
695,"The token ""first"" when denoting initial experiences or sequences."
696,"The token ""bed"" referring to a physical object for sleeping or resting."
697,"The tokens ""is"" or ""was"" following ""what"" in questions or indirect speech."
698,"Comma following verbs related to action, movement, or change."
699,"The token ""wait"" or ""waited"" referring to a delay or anticipation for an event or outcome."
700,"The token ""at"" indicating a location or time context."
702,"Verbs and prepositions related to actions or tasks, often involving helping or doing something."
703,"The token ""accidentally"" in contexts describing unintentional mishaps or mistakes."
704,"The word ""fish"" in narratives describing small or named aquatic characters."
705,Tokens indicating compassionate actions or intentions to help in storytelling contexts.
707,"""day"" or ""toys"" in storytelling contexts involving activities or discoveries."
710,"The word ""even"" emphasizing contrast or unexpected continuation in a scenario."
711,"The pronoun ""he"" referring to a male character performing actions or reacting in narrative contexts."
712,The period token concluding sentences in narrative or descriptive contexts.
716,"The word ""to"" following ""started"" in phrases describing a subsequent action or emotional response."
717,"The adjective ""small"" describing size in narrative contexts."
721,"The adverb ""always"" in contexts describing consistent habits, behaviors, or traits."
723,"The pronoun ""I"" in direct speech or dialogue."
724,"The word ""filled"" describing something containing various items or features."
726,Female names in narrative or summary contexts.
727,Verbs describing rolling or sailing actions in physical movement contexts.
728,"The preposition ""under"" in contexts involving locations, particularly under trees or structures."
730,"The token ""then"" following ""But"" to introduce a shift or unexpected event in a narrative."
732,Tokens related to dialogue or narrative twists in storytelling contexts.
733,"The adjective ""shiny"" describing objects or items that are found or observed in narratives."
735,Tokens in narratives suggesting foreshadowing or emotional twists in a story.
736,"The name ""Timmy"" following ""named"" in sentences introducing a character."
738,"The token ""named"" introducing the name of a bird in narrative text."
739,Proper nouns referring to characters in narratives or specific entities initiating actions or dialogue.
740,Verbs describing actions or speech directed by a mother figure towards someone.
742,"The token ""next"" in the phrase ""The next day"" within narrative contexts."
743,"Common short function words like ""to"", ""her"", ""a"", ""was"", and ""have"" in narrative text."
744,"The token "","" in narrative text connecting clauses with a moral or cooperative action."
745,"The token ""ice"" when paired with ""cream"" in contexts related to food or desserts."
746,"Prepositional phrases indicating a location, specifically ""in the water"" or ""in the corner""."
750,Pronouns referring to possessors or subjects in sentences about actions or observations.
751,"The plural noun ""things"" in contexts of diverse or unspecified items or experiences."
755,"The word ""to"" following expressions of happiness or excitement about performing an action or achieving something."
757,Exclamation mark followed by closing quotation mark in direct speech.
758,"The token ""angry"" in emotionally charged contexts, often describing someone's reaction or behavior."
760,"Words for baked goods like ""cookie,"" ""pie,"" and ""pastry"" in contexts related to cooking or enjoyment."
761,"The verb ""makes"" used in contexts of creation, forming relationships, or bringing about actions."
763,"The conjunction ""and"" connecting two clauses in narrative contexts of resolution or transformation."
765,"The affirmative token ""Yes"" in direct speech, often followed by polite expressions like ""please."""
766,"The token ""with"" in contexts describing filling or covering something."
767,"The token ""wind"" when describing blowing or gusting actions in a narrative context."
768,"The token ""toys"" in sentences about playing and personal enjoyment."
770,"The token ""Suddenly"" initiating a dramatic or unexpected event in a narrative."
771,"The token ""Twist"" in dialogue or story summaries, often signaling a narrative plot change or surprise."
772,"The word ""stuck"" in contexts of physical entrapment or obstruction."
773,"The conjunction ""but"" signaling contrast following repeated efforts or searches."
774,"Verbs expressing desire, action, or state in contexts of collective or universal experiences."
780,"The pronoun ""They"" referring to a group of friends or individuals engaging in playful activities."
781,"The verb ""eat"" in contexts of consuming food or meals."
782,"Verbs indicating physical interaction with objects, especially ""held"" and ""touch""."
783,"The reflexive pronouns ""himself"" or ""herself"" following ""by"" in contexts of solitary actions."
784,"Variations of the verb ""promise"" in contexts of commitment or assurance."
786,"The word ""importance"" in contexts emphasizing moral or personal growth lessons."
788,"Positive outcomes in narratives involving friendship, personal growth, or resolution of regret."
789,"The verb ""barked"" in various tenses describing dog behavior."
791,"The modal verb ""could"" indicating ability, possibility, or permission in descriptive or narrative contexts."
793,"The token ""knew"" indicating realization or understanding tied to a decisive or necessary action."
795,Nouns representing tangible objects commonly observed or interacted with in everyday scenarios.
796,"Singular nouns in dialogue, often concrete or conceptual, paired with unrelated counterparts."
797,Pronouns referencing groups or individuals in family or travel contexts.
798,"The pronoun ""her"" referencing a female character in narrative or relational contexts."
799,"The interjection ""Oh"" in direct speech, often expressing surprise or distress."
801,"The token ""a"" preceding an object being discovered or found."
802,"The token ""Sara"" in text summaries describing her actions, traits, or interactions."
805,The comma preceding a description of a friend followed by their name and type/species.
806,Indefinite and quantifying determiners in sentences about gardens and flowers.
807,Coordinating conjunctions and pronouns indicating joint or cooperative actions between characters.
808,"The verb ""walked"" describing deliberate movement toward a specific target or location."
809,"The indefinite article ""a"" preceding descriptions of small or specific locations."
810,"The token ""sun"" in descriptions of idyllic or bright outdoor scenes."
811,"The conjunction ""and"" linking Lily with another character or entity in narrative summaries."
816,"Coordinating conjunction ""and"" connecting subjects in narrative contexts."
818,"The token ""finally"" indicating resolution or achievement after difficulty or waiting."
819,"Tokens indicating causation or curiosity, such as ""that,"" ""for,"" or ""when,"" often in narrative contexts."
823,"Coordinating conjunction ""and"" or pronoun ""he"" in negative or conflict-driven emotional contexts."
825,"Verbs describing actions performed by people, often in the context of observation or interaction."
826,"The token ""decided"" in contexts of personal choice or action."
827,"Names of characters in stories, typically following ""One day"" narrative setups."
828,"The verb ""hurt"" or its conjugations describing physical injury after falling."
829,"Words related to granular materials like ""sand"" and ""mud"" in contexts of play or construction."
830,"The word ""that"" introducing a clause describing an attribute or detail about a preceding noun."
832,"The possessive pronoun ""my"" in contexts referring to a parent, typically ""mom""."
834,Words related to competitive actions or intentions in the context of racing or winning.
835,"The token ""drink"" in contexts involving consumption or items associated with enjoyment or social settings."
836,"The token ""upon"" in the phrase ""Once upon a time"" at the start of a story."
840,"Negations ""didn't"" and ""No"" in dialogue or narrative refusals."
841,Opening quotation marks preceding playful or enthusiastic dialogue.
843,Articles and adjectives introducing or describing objects or concepts in explanatory or illustrative contexts.
844,"The token ""book"" when referring to a specific item being found, read, or described in a story context."
845,"The adjective ""strong"" describing physical or metaphorical strength."
846,"Emotional nouns like ""joy,"" ""sadness,"" or ""excitement"" conveying internal feelings or experiences."
848,"The token ""learns"" in narratives describing characters acquiring life lessons or skills."
849,"Pronouns in narrative sentences starting with ""One day"" conveying character actions or discoveries."
850,"Words related to water activities or environments, such as ""swim,"" ""sea,"" and ""water."""
851,"Tokens describing tragic consequences after an accident, often linked by commas or conjunctions."
853,"The word ""curious"" describing a character's inquisitive behavior or state of mind."
854,"The verb ""started"" preceding an infinitive verb indicating the beginning of an action."
855,"Tokens ""Hello"" or ""Hi"" initiating dialogue or greetings in conversational text."
856,"The definite article ""the"" preceding a noun in spatial movement or directional context."
858,Words related to playing or activities involving swings and slides.
860,"The token ""picture"" referring to an image or depiction of an object or concept."
862,"The token ""home"" in contexts of returning or going to a familiar place."
864,Pronouns in contexts describing actions or objects that elicit emotional or physical responses.
865,Concrete nouns representing objects or materials often found in playful or creative contexts.
866,"The conjunction ""so"" indicating a causal relationship or purpose in narrative actions."
867,"The definite article ""the"" preceding a noun in narrative summaries."
869,Proper names of friends introduced in a narrative context.
870,"The definite article ""the"" following ""on"" in locative or possessive contexts."
871,"Pronoun ""he"" or ""she"" at the start of a sentence describing an action or reaction."
873,"The verb ""grabbed"" in contexts describing physical actions involving objects."
875,"Past-tense verb ""was"" following a named character introduction in narrative storytelling."
876,"Words in possessive or personal contexts within dialogue, often expressing ownership or refusal."
877,"The token ""sky"" in descriptions involving upward movement or observations."
879,"The word ""was"" in narrative text following ""Once upon a time, there""."
881,"The article ""a"" preceding ""new friend"" in narratives about making a connection."
884,"The token ""as"" in comparative expressions emphasizing similarity or degree."
886,"The token ""up"" in contexts describing physical motion or upward movement."
887,"The verb ""dance"" often in contexts of enjoyment or creative expression."
888,"The phrase ""put on"" followed by clothing or accessories."
892,Auxiliary verbs and adverbs emphasizing states or actions in descriptive or narrative contexts.
893,"Tokens describing distinct or impactful actions, objects, or qualities with vivid or dramatic connotations."
896,"Proper names addressed in dialogue, often preceded by ""Look""."
899,"The token ""Story"" in contexts signaling the beginning of a narrative."
903,"Pronouns ""his"" or ""her"" used in the context of familial or social interactions."
904,"The adverb ""soon"" indicating imminent events or actions in narrative contexts."
906,"Words denoting structures or places being built, often in imaginative or play contexts."
907,"Punctuation marks, especially commas and periods, in narrative text describing events or transitions."
908,"The preposition ""on"" in spatial or temporal contexts."
910,"The subordinating conjunction ""As"" introducing a dependent clause describing simultaneous actions or events."
911,"Tokens ""yummy"" and ""yucky"" describing food or taste-related items."
912,"The token ""was"" in contexts describing the transition to a specific moment or state."
913,"The word ""excited"" following ""so"" in expressions of strong emotion."
917,"The verb ""like"" in sentences describing mutual activities or preferences among friends."
918,"The token ""-"" in the phrase ""three-year-old""."
919,"The word ""safe"" used in contexts involving protection, security, or finding a secure location."
920,"The article ""a"" before a descriptive adjective or noun in storytelling contexts."
922,"Verbs expressing actions, emotions, or states in simple past tense."
923,"The verb ""find"" in contexts of searching or struggling to locate something."
924,"The definite article ""the"" preceding nouns in simple narrative contexts."
925,"The token ""teach"" in contexts related to instruction or learning."
926,"The conjunction ""because"" indicating a reason or explanation for an emotional or situational state."
928,"The word ""beach"" in sentences describing someone visiting it with family or for a specific purpose."
929,"The token ""able"" in contexts describing regained or demonstrated capability following an event or condition."
930,"The token period after ""happily ever after"" in a concluding phrase."
931,"The word ""to"" following verbs of motion like ""run"" or ""ran""."
935,"The pronoun ""I"" in direct speech or dialogue contexts."
936,"The word ""there"" in contexts describing locations or situations, often introducing an observation or condition."
938,"Verbs denoting expressive physical actions like clapped, nodded, waved, or wagged."
940,"The token ""belong"" and its variants in contexts of possession or ownership."
941,"The word ""know"" in contexts implying uncertainty or lack of knowledge."
942,"The token ""arrived"" in contexts describing the moment of arrival after a journey or movement."
945,"The token ""but"" or a period after asking or interacting with ""mom""."
946,"The pronoun ""them"" referring to objects being interacted with or explored."
948,"Verbs indicating actions or intentions in narrative contexts, often involving movement or play."
949,"Adjectives expressing emotional states or personality traits, often in narratives involving animals or children."
951,"The token ""scary"" describing a threatening animal or creature after ""a big""."
952,"The word ""selfish,"" often in narrative or dialogue contexts suggesting moral or interpersonal themes."
953,"Pronoun ""everyone"" emphasizing collective interest or admiration in a positive context."
954,"The possessive ""'s"" indicating ownership or relation."
955,"The verb ""set"" in phrases describing embarking on a journey or initiating an action."
956,"The token ""baby,"" often in contexts describing or referencing a young child or infant."
957,Articles and prepositions in sentences about vehicles or engines.
959,"Tokens linking cause-effect or contrasting clauses, often emphasizing difficulty or magnitude."
960,"The word ""light"" when it refers to illumination or brightness, often in narrative or descriptive contexts."
962,"The token ""it"" in contexts of performing or completing an action."
964,"The token ""stuck"" describing objects or animals trapped in specific locations."
966,"The token ""when"" introducing a clause describing a condition or event triggering an action."
968,"Singular ""one"" used to specify an object or unit in various contexts."
969,"The token ""way"" in phrases describing movement or travel towards a destination."
970,Questions addressing events or actions followed by first-person responses indicating a problem or occurrence.
971,"The word ""hole"" in contexts involving digging actions."
973,"The token ""after"" introducing a phrase indicating a sequence of events or actions."
974,"The verb ""wanted"" expressing a desire or intention to perform an action."
975,"Comma following ""said"" in dialogue attribution preceding direct speech."
976,Tokens related to dialogue or narrative twists involving emotional or interpersonal conflict.
977,"Period after ""a little girl named Lily"" introducing sentences about her actions or traits."
980,"The verb ""show"" when expressing intent to display something to someone."
982,"Pronouns ""she"" or ""he"" following a conjunction ""but"" in a context of inability or difficulty."
985,Adjectives describing size or state in relation to possession or location.
987,"The word ""busy"" describing someone's unavailability due to engagement in an activity."
988,Exclamations followed by quotation marks in dialogue.
989,"Tokens summarizing a story, often following the phrase ""Summary:""."
990,"The token ""man"" in contexts describing or introducing a specific male character or figure."
992,"The verb ""play"" describing engaging in fun or recreational activities."
996,"The token ""everywhere"" describing universal or consistent presence or movement."
998,"Tokens related to curiosity-driven actions or intentions like ""to,"" ""and,"" or ""about."""
1000,"The token ""friend"" referring to a close companion or named individual."
1003,"The exclamation ""Wow"" expressing surprise or admiration, often followed by a description or observation."
1004,"References to young children, specifically ""brother"" or ""3-year-old."""
1005,"The word ""Story"" at the start of a narrative or fairy tale opening."
1006,"The contraction ""let's"" in imperative sentences encouraging action or collaboration."
1007,"The word ""knot"" in contexts involving physical objects, actions, or emotional tension."
1008,"Tokens introducing named entities, specifically ""called"" or ""named"" when referring to individuals."
1009,"Adjectives describing colors, specifically ""black,"" ""white,"" and ""gray,"" often in contexts of objects or animals."
1010,"Common verbs in direct speech, often following a possessive noun and preceding a quotation or explanation."
1011,"The token ""isk"" in the name ""Whiskers"", referring to a cat."
1015,"The contraction ""couldn't"" expressing inability or emotional intensity in a narrative context."
1021,"Possessive pronouns ""her"" or ""his"" specifically when referring to friends."
1022,"The word ""to"" preceding an action or desire verb in a narrative context."
1024,"The verb ""opened"" in the context of revealing contents inside objects."
1025,"The infinitive marker ""to"" preceding verbs related to activities or actions."
1026,"The token ""brave"" describing a heroic character in narrative or summary contexts."
1027,"The verb ""manage"" in contexts implying effort or capability."
1029,"Words describing clothing, often involving personal preference, beauty, or fashion."
1030,"The conjunction ""and"" connecting two names or nouns in narrative contexts."
1031,"Possessive pronouns ""his"" or ""her"" preceding references to family members like mom or grandma."
1032,Sentimental phrases or narrative conclusions in fairy tale or story-like contexts.
1036,"The token ""ing"" in words indicating foreshadowing within narrative contexts."
1037,"Verbs indicating interaction or possession with a tangible object followed by ""it""."
1038,Tokens indicating narrative features or meta-annotations in storytelling contexts.
1039,"Articles ""the,"" ""a,"" and ""an"" preceding moral lessons or themes in storytelling contexts."
1041,"The token ""did"" in negated statements expressing preference or intent."
1042,"Prepositions ""for"" and ""going"" in contexts related to events, school, or routines."
1043,Tokens indicating narrative transitions or key plot developments in storytelling contexts.
1044,"The preposition ""of"" following the verb ""out"" in expressions of motion or emergence."
1045,"The conjunction ""while"" in contexts of simultaneous actions or events."
1046,"The token ""door"" referring to an entry point being opened or interacted with."
1047,"The token ""glass"" when referring to a container holding a beverage."
1049,"Tokens referencing ""teddy bear"" in possessive or descriptive contexts."
1050,"The word ""said"" in dialogue attribution following quoted speech."
1051,"The contraction ""n't"" in negated verbs expressing reluctance or refusal in narrative contexts."
1052,"The word ""scared"" expressing fear or discomfort in various contexts."
1053,Pronouns and auxiliary verbs in sentences conveying emotions or personal reflections.
1054,"The token ""are"" in the phrase ""What are you doing?"" within direct dialogue."
1056,"Positive or uplifting phrases in dialogue or narrative expressing enjoyment, learning, friendship, or moral values."
1057,"The token ""That"" in excited exclamations followed by a possessive ""'s""."
1059,"Adjectives describing qualities or states, often paired with imaginative or narrative contexts."
1060,"The token ""met"" introducing a character or entity in a narrative context."
1065,"The verb ""looked"" in contexts describing physical or visual attention or searching actions."
1066,"Negative sentiment adjectives like ""disgusting"" or ""terrible"" describing objects or actions."
1067,Nouns describing specific objects or places associated with play or leisure activities.
1068,"The token ""you"" in direct questions within dialogue."
1074,Verbs or adjectives describing actions or states in simple narrative contexts.
1076,"Pronouns in comforting or reassuring dialogue, typically following verbs like ""reassures"" or ""assures""."
1078,"Words indicating selection, comparison, or identification, especially ""which"" and ""who"" in decision-making contexts."
1080,"The token ""smelled"" or ""smells"" describing the scent of food, flowers, or other pleasant items."
1083,"The contraction ""didn't"" in contexts of negation or failed attempts."
1084,"The token ""magic"" describing enchanted or supernatural objects in narrative summaries."
1087,"The token ""ride"" or ""riding"" in contexts describing personal enjoyment or habitual use of bicycles or scooters."
1088,Proper names of characters introduced in narrative contexts.
1092,"The plural pronoun ""they"" when describing shared actions or relationships between characters."
1093,"The verbs ""need"" or ""needed"" in imperative or explanatory contexts."
1094,Nouns denoting physical locations or objects associated with nature or human activity.
1095,"Tokens in dialogue or narrative expressing conflict, resolution, or significant emotional actions."
1099,Tokens describing tension or dramatic twists in narrative contexts.
1100,"The verb ""fell"" in contexts describing physical actions or emotional events."
1102,"The verb ""was"" or ""is"" following ""that"" in descriptive clauses."
1103,"The word ""over"" in the context of overcoming challenges or fears."
1105,Quotation marks in dialogue following a character's speech.
1108,"The token ""pretty"" describing positive qualities or appearance in various contexts."
1113,"The contraction ""n't"" in dialogue expressing reassurance or prohibition."
1115,"The token ""old"" describing the age of a person, typically three years old."
1117,Tokens following a comma used in contrasting or descriptive pairs.
1118,"The token ""box"" referring to a container, often modified by ""big"" or ""toy""."
1119,"The word ""hide"" specifically in the phrase ""hide and seek""."
1120,"The token ""dad"" in contexts referencing family relationships, often paired with ""mom""."
1123,"The token ""Look"" in direct speech, often preceding an exclamation or pointing something out."
1124,"The word ""hard,"" often describing effort, physical texture, or difficulty."
1128,"The article ""a"" following the verb ""had"" and preceding a noun phrase."
1131,Periods following narrative phrases introducing characters or events in a storytelling context.
1134,Positive adjectives describing animals or natural elements in a narrative context.
1135,"Positive abstract nouns related to emotions, virtues, or ideals in uplifting contexts."
1137,Subordinating conjunctions or prepositions introducing dependent clauses or relationships between events.
1139,"The possessive pronoun ""its"" referring to an object's state, position, or part."
1140,"The verb ""picked"" in contexts involving retrieval or lifting of objects from surfaces."
1142,"Adjectives describing size or moral quality before a noun, often in narrative contexts."
1144,Tokens preceding a comma in lists of paired or contrasting concepts.
1145,"Coordinating conjunction ""and"" in contexts describing relaxation or sleep-related actions."
1146,"The verb ""stopped"" in contexts involving pausing actions or moments of reflection."
1148,"Tokens associated with colors, possession, or spatial relationships in descriptive or narrative contexts."
1149,"Verbs indicating action, effort, or movement, often tied to a goal or achievement."
1151,"The word ""name"" introducing the specific name of a character or entity in a narrative."
1152,"The token ""by"" introducing a phrase describing an action or method of doing something independently."
1154,"The article ""a"" or verb ""had"" preceding a description of an object or its attributes."
1156,"Adjectives describing improvement, enhancement, or positive qualities."
1157,"The token ""Conflict"" used as a thematic keyword in narrative or summary contexts."
1158,"The past tense verb ""got"" describing an action or change of state."
1159,Tokens in summaries with proper nouns or subjects initiating narrative actions or events.
1161,"Pronouns ""he"" or ""she"" at the start of a sentence or clause indicating a subject-focused narrative."
1162,"The token ""Lily"" as a central subject in a sentence about friendship or playing."
1163,"The modal verb ""Can"" in direct speech asking permission or making a request."
1164,"Pronouns ""she"" or ""who"" referring to a female subject in storytelling contexts."
1165,"Tokens introducing named entities, often in storytelling contexts."
1166,"Pronouns ""it"" or ""them"" following the verb ""put."""
1169,"The definite article ""the"" preceding a location or object being visited or interacted with."
1170,"Activates on ""hockey"" and ""game"" in contexts describing sports or recreational activities."
1171,"Verbs describing expressive physical actions, often involving hands or joyful movement."
1175,"The verb ""told"" in past tense used to convey information or dialogue."
1176,"Verbs indicating achievement or discovery in positive contexts, often near expressions of happiness."
1179,"Words expressing surprise or wonder, especially ""moment"" and variations of ""amazement""."
1180,"The past tense auxiliary verb ""had"" in narrative contexts."
1182,"Tokens ""beach"" and ""Riley"" in contexts describing specific locations or personal actions."
1184,"The token ""garden"" describing a setting for playful or outdoor activities."
1185,"The verb ""put"" in contexts describing physical actions or placement of objects."
1187,"The token ""also"" or ""another"" indicating addition or comparison in narratives."
1190,"The token ""especially"" used to emphasize a specific toy or object in the context of play."
1192,"The comma following ""Once upon a time"" in storytelling phrases."
1193,"Tokens within narrative openings, especially ""Once upon a time,"" signaling classic storytelling setups."
1194,"The verb ""fight"" describing a conflict between two named characters over an object or possession."
1196,"The token ""storm"" when describing an event causing fear or destruction."
1197,"The word ""little"" describing a child in a narrative context."
1198,"Tokens ""place"" and ""menu"" used to denote specific locations or lists of items."
1200,Verbs describing playful or recreational activities involving two or more characters.
1201,Singular nouns representing objects or animals listed in a group or series.
1202,"The token ""new"" when describing the formation of friendships."
1206,"The contraction ""Don’t"" in dialogue, especially expressing reassurance or dismissing worry."
1208,"The token ""down"" describing movement or direction in physical contexts."
1209,Pronouns or possessives related to male farmers or men in narrative contexts.
1211,"Articles ""a"" or ""big"" introducing or describing singular nouns in simple narrative contexts."
1212,"The preposition ""at"" following the verb ""looked."""
1214,"The token ""back"" in contexts describing a return to a previous location or state."
1217,"The possessive pronoun ""his"" preceding nouns related to personal belongings or social interactions."
1218,"The word ""with"" indicating accompaniment or assistance in actions or activities."
1221,"Commonly used words in storytelling or narrative contexts, like ""day"", ""said"", and ""filled""."
1223,"The word ""box"" when referring to a container holding items."
1224,"The article ""a"" following the verb ""gets"" in contexts describing possession or acquisition."
1225,"The token ""mail"" in contexts related to communication or delivery."
1226,"Prepositions ""in"" or ""on"" following verbs of reclining or sitting in relaxed outdoor contexts."
1229,"Adjectives ""heavy"" and ""broken"" describing physical objects or burdens."
1231,"Pronouns in subject position following ""When"" in narrative contexts."
1232,"The token ""what"" in expressions of uncertainty or lack of understanding."
1234,"The word ""best"" in the phrase ""best friends."""
1235,"The comma after ""Look"" in direct speech exclamations."
1237,"The plural noun ""toys"" in the context of playful activities and personal enjoyment."
1238,"The verb ""move"" in contexts involving physical or metaphorical motion or change of location."
1240,"Possessive pronoun ""his"" referring to a male owner or subject in a pet-related context."
1241,Positive emotional states or joyful moments in narrative contexts.
1242,"Verbs describing spatial positioning or extension, often paired with directional or depth-related adverbs."
1244,"The token ""win"" in contexts involving aspirations or competitions."
1245,"The conjunction ""and"" linking playful activities involving toys."
1247,"The token ""tower"" referring to a structure often built with toy blocks."
1250,"Singular food-related nouns, specifically ""spaghetti"" and ""potato""."
1253,"The token ""swings"" in contexts describing playground activities."
1256,"The past tense verb ""was"" often describing weather or conditions."
1257,"The phrase ""so much"" expressing intensity or strong emotion in positive contexts."
1258,"The word ""and"" linking two descriptive adjectives about an object or entity."
1259,"The token ""lost"" describing possession or items misplaced by characters in narratives."
1260,"Words describing fictional roles in imaginative play, like ""princess"" and ""knight""."
1262,"The token ""End"" in contexts describing unsatisfactory conclusions in dialogue-heavy narratives."
1264,"The preposition ""in"" describing a location where someone lives."
1266,"The indefinite article ""a"" introducing a noun phrase in a story context."
1270,"The token ""me"" in contexts describing pastoral or meadow-related settings."
1271,"The word ""later"" or a comma following ""later"" in narrative sequences."
1272,"Tokens ""forgot"" or ""remembered"" in contexts of memory lapses or recalling specific events."
1282,"The token ""One"" at the beginning of a sentence introducing a story or narrative."
1283,"The token ""to"" following ""learns"" in contexts of personal growth or skill acquisition."
1284,"The verb ""play"" in contexts describing activities children enjoy."
1285,"The token ""felt"" or ""feels"" describing emotional states or reactions."
1287,Plural concrete nouns representing physical objects or entities in descriptive contexts.
1288,"The token ""who"" in contexts involving comparisons or challenges to determine identity or capability."
1290,Verbs describing actions to secure or fasten objects or spaces.
1291,Verbs or prepositions associated with accidental or unexpected physical impacts or slips.
1292,"The token ""time"" when referring to a specific moment for an action or event."
1293,"The definite article ""the"" preceding a location or destination."
1295,Concrete nouns referring to specific objects or locations in conversational or narrative contexts.
1296,"The token ""called"" introducing a name or identifier in narrative contexts."
1297,Pronouns referring to objects or people being actively observed or watched.
1298,"The pronoun ""it"" when describing a condition or state, often preceded by ""and"" or ""but""."
1299,"The conjunction ""and"" in repetitive sequences of actions or behaviors."
1300,"The verb ""found"" used to describe a discovery by a named child."
1303,"Phrases beginning classic storytelling openings like ""Once upon a time"" or similar narrative introductions."
1307,"The past tense verb ""was"" indicating a state or description."
1309,Tokens related to clapping or cheering in celebratory or expressive contexts.
1310,"The token "","" following direct speech in a quoted sentence."
1311,"The auxiliary verbs ""was"" and ""it's"" initiating a descriptive or narrative statement."
1312,"Coordinating conjunction ""and"" linking two actions or states in narrative contexts."
1314,"The word ""fun"" in contexts describing enjoyable activities."
1315,The period followed by a closing quotation mark at the end of a sentence.
1316,"The token ""friends"" in contexts where characters form relationships or bonds."
1317,"The conjunction ""and"" linking two actions or events in narrative contexts."
1318,"Singular mentions of ""bird"" in narrative contexts."
1319,"The token ""surprise"" or its variation ""surprised"" in contexts expressing unexpected events or emotional reactions."
1320,"Proper nouns starting with ""M"" in narrative or dialogue contexts."
1323,"The token ""near"" in phrases describing proximity to a house or forest location."
1325,"The comma following the adjective ""big"" in descriptions of objects or animals."
1326,"Tokens ""nodded"" and quotation marks in dialogue or character actions expressing agreement or communication."
1327,First names of characters in narrative contexts.
1328,"The token ""day"" in phrases emphasizing continuous activity throughout the day."
1331,"The adjective ""sunny"" describing weather at the start of a story."
1332,"Tokens forming part of nouns or verbs related to physical objects, actions, or their attributes."
1333,"The token ""time"" in the phrase ""Once upon a time"" at the start of a story."
1335,"The preposition ""to"" in the context of someone or something traveling to a location."
1336,"Verbs expressing desire or intention in playful, interpersonal contexts."
1337,"Tokens ""forest"" or ""woods"" describing natural settings often paired with actions like walking or wandering."
1339,"The adjective ""happy"" describing a positive emotional state often linked to actions or outcomes."
1340,"Tokens ""m"" and ""lumber"" within contexts describing objects or animals in narrative summaries."
1341,"The possessive pronoun ""Her"" referencing a female and followed by a noun denoting close relationships or connections."
1343,Pronouns or nouns indicating a specific entity involved in a narrative action or description.
1344,"The word ""girl"" in narratives describing a specific young female character."
1346,"Prepositions ""to"" or ""by"" indicating action directed towards or performed by someone."
1347,"Verbs and prepositions in contexts related to performance, rhythm, or expression."
1349,"Tokens describing emotional states or physical sensations, often tied to interpersonal or situational contexts."
1350,"The token ""bag"" when referring to a physical container in a narrative context."
1354,"The verb ""do"" in contexts of deciding, planning, or wanting actions."
1356,"The token ""race"" in contexts involving an event or competition, often preceded by ""a""."
1357,Animal nouns in character introductions within story summaries.
1358,"The token ""Let"" in imperative or collaborative statements within direct dialogue."
1359,"The word ""green"" describing objects or animals, often in storytelling or descriptive contexts."
1360,Singular nouns in dialogue often tied to whimsical or narrative contexts.
1362,"The definite article ""the"" preceding a location or establishment."
1363,"Adjectives describing size, state, or color in neutral narrative contexts."
1364,"The token ""if"" in questions about permission or desire, typically following ""asked""."
1365,"The word ""dog"" in sentences describing a named dog with specific attributes or actions."
1366,Common determiners and prepositions in descriptive or narrative contexts.
1369,"The verb ""loved"" describing a character's enjoyment of playful or joyful activities."
1371,"The determiner ""some"" indicating a non-specific quantity or portion of something."
1373,"The token ""want"" in negative expressions of desire or reluctance."
1374,"Tokens ""boy"" or ""girl"" following ""there was a"" and preceding ""named."""
1375,"Tokens ""listen"" and ""listened,"" often tied to learning or following advice in moral or cautionary contexts."
1378,"The word ""there"" in storytelling contexts, often introducing a setting or character."
1380,"The word ""Once"" at the start of a narrative or storytelling phrase."
1381,"The definite article ""the"" preceding a noun in narrative storytelling contexts."
1382,The period after a sentence introducing a named entity or animal in a storytelling context.
1384,"The verb ""is"" in descriptive or narrative contexts involving characters or objects."
1385,"The verb ""play"" in contexts of recreational activities or games."
1386,"The token ""lots"" preceding ""of"" to indicate abundance or quantity."
1387,"Tokens ""wash"" or ""washing"" referring to cleaning actions in domestic contexts."
1388,"The verb ""pretend"" describing imaginative play or role-playing scenarios."
1389,"The verb ""catch"" in contexts involving attempts to capture animals or birds."
1392,"The token ""same"" in contexts emphasizing similarity or uniformity."
1398,"Tokens ""the"", ""to"", and ""only"" in contexts related to shopping or stores."
1399,"The word ""light,"" especially when paired with descriptors like ""bright"" or ""glowing."""
1400,"The token ""Tim"" in contexts describing actions, emotions, or attributes of a character named Tim."
1403,"The preposition ""on"" followed by ""the"" in contexts involving objects found on surfaces like ground or floor."
1404,"The word ""time"" in the phrase ""Once upon a time"" at the start of a story."
1406,"Proper names paired in the format ""X and Y"" in summaries of fictional narratives."
1407,Nouns describing physical objects or locations with sensory or emotional context.
1408,"The token ""Benny"" in the context of children's story summaries."
1409,"The verb ""share"" in contexts involving learning or teaching positive social behavior."
1411,"The pronoun ""him"" when referring to a specific male character in social or emotional contexts."
1412,"The indefinite article ""A"" introducing a subject in summary sentences."
1416,"The word ""away"" describing movement or departure."
1417,"The token ""upon"" in the phrase ""Once upon a time"" at the start of a story."
1418,"The token ""fire"" referring to literal fires or firefighting contexts."
1419,"The token ""adventure"" in the context of a character embarking on a journey or quest."
1423,"The token ""ostr"" in the word ""ostrich""."
1426,"The token ""this"" emphasizing specific moments or objects in narratives."
1428,"The word ""sky"" when referring to clouds, weather, or visual changes."
1430,"The verb ""join"" indicating an invitation or decision to participate in an activity or group."
1432,"The verb ""gave"" in contexts where a mother gives an object to her child."
1433,Pronouns used as subjects in reported speech or direct quotations.
1434,"The word ""house"" in the context of a small dwelling in storytelling."
1435,"The verb ""ride"" referring to transportation or a recreational activity."
1436,"The token ""Summary"" in text segments describing a conflict."
1438,"The verb ""came"" describing arrival or movement towards a location or person."
1441,"Verbs ""sit"" or ""sat"" describing a person taking a seated position."
1443,"The token ""named"" introducing a character in a narrative."
1444,"The token ""happened"" following phrases describing unexpected events or twists in a narrative."
1446,"The special character ""�"" in informal or conversational dialogue."
1447,"The word ""over"" in contexts of conflict or disagreement."
1452,"The comma following ""One day"" in narrative openings."
1453,"The token ""come"" in direct speech contexts involving commands or invitations."
1454,"The token ""there"" in introductory storytelling phrases like ""Once upon a time""."
1456,Pronouns referring to a person observed by another in a context of emotional or interpersonal interaction.
1457,"The token ""closer"" describing physical movement towards an object or location."
1459,"Words denoting outdoor activities or creative actions like ""outside"" and ""color""."
1460,"Tokens ""so"" and ""."" following statements of intent or desire."
1463,"The token ""day"" in the phrase ""Every day"" at the start of a recurring activity description."
1465,"The token ""So"" starting a causal or explanatory sentence following an action or event."
1466,Periods concluding sentences often describing objects or situations with associated actions or characters.
1467,"The indefinite article ""a"" preceding descriptions of time, objects, or actions."
1468,"The token ""red"" describing objects, often in playful or vivid contexts."
1469,"The token ""oy"" within the word ""oyster"" in contexts involving adjectives or descriptive narrative."
1473,"The proper noun ""Lily"" in a narrative context."
1474,Pronouns following references to sounds or voices.
1475,"Tokens ""record"" and ""print"" in contexts of media or reproduction, and ""laser"" in technical or creative settings."
1476,"The word ""reliable"" in diverse contexts, often tied to narrative or descriptive elements."
1477,"The token ""about"" or ""of"" in warnings or cautionary contexts."
1478,"The token ""no"" used emphatically or in expressions of negation or impossibility."
1480,"Verbs indicating assistance with movement or retrieval, especially ""get"" and occasionally ""reach""."
1481,"The verbs ""pushed"" and ""pulled"" in contexts of physical interaction with objects."
1482,"The conjunction ""and"" linking lists of similar or related objects."
1483,Verbs indicating desire or intention followed by a direct object or action.
1485,"The token ""park"" following a preposition and describing a location for recreational activities."
1486,Tokens linked to observing or describing celestial objects in the sky.
1489,The comma separating contrasting or connected clauses in narrative text.
1491,"The verbs ""was"" or ""said"" in conjunction with descriptions of a person's state or speech."
1492,"The word ""never"" in contexts emphasizing first-time experiences or unfamiliarity."
1493,"The modal verb ""will"" indicating future actions or events."
1494,Tokens referring to specific toy objects in child-centered narratives.
1495,"The token "","" following ""Then"" in sentences describing sudden events or transitions."
1497,"The verb ""get"" used in contexts of achieving or accessing something."
1500,"Verbs ""playing"" and ""looking"" in contexts of imaginative or exploratory activities."
1503,"The token ""to"" following ""decided"" in sentences describing an action or intention."
1505,"The verb ""talk"" in contexts of communication or interaction."
1507,"The token ""end"" in phrases describing conclusions or final points in narratives or actions."
1508,"The conjunction ""but"" signaling contrast or difficulty in actions attempted."
1511,"The verb ""take"" in contexts suggesting an action or decision."
1512,"Words indicating an antagonist in a narrative, often linked to danger or conflict."
1513,"The article ""a"" or ""A"" preceding adjectives that describe animals or people in narrative contexts."
1514,"The word ""the"" preceding nouns in contexts of giving, surprising, or manipulating objects."
1515,Adjectives describing personality traits or emotional states within dialogue contexts.
1517,"The conjunction ""and"" following a subject traveling or transitioning to a specific location."
1520,"Prepositions in contexts of movement, time, or accompaniment."
1521,"The article ""a"" introducing a subject in a storytelling context."
1522,"Conjunction ""and"" following a description of fear or being scared."
1524,"The word ""day"" in narrative contexts, often involving recurring or significant events."
1525,"The pronoun ""it"" in contexts of being found or discovered."
1526,"The word ""even"" emphasizing comparative degrees or intensification in descriptive or narrative contexts."
1527,"Temporal transition phrases ""from X on,"" with ""day,"" ""now,"" or ""then"" indicating a starting point."
1528,Verbs indicating the act of bringing or transporting something.
1530,"The verb ""went"" in past-tense narrative contexts, often describing movement or actions in a story."
1531,"The token ""question"" in contexts involving summaries, features, or abstract concepts."
1532,Pronouns or verbs in sentences describing weather or environmental conditions.
1533,"Repeated verbs in ""X and X"" constructions emphasizing continuous or iterative actions."
1534,"The conjunction ""but"" signaling contrast or exception in narrative contexts."
1535,"The token ""turns"" in contexts involving transformation or revealing unexpected outcomes."
